"""Bias/Heuristic Name"",""Type"",""Brief Description"",""Relevance to L&D/Leadership"""
"""Confirmation Bias"",""Decision-Making"",""The tendency to search for, interpret, and recall information in a way that confirms one's preexisting beliefs."",""Leaders may ignore critical data that contradicts their preferred strategy, hindering effective decision-making."""
"""Anchoring Bias"",""Decision-Making"",""Relying too heavily on the first piece of information offered when making decisions."",""First impressions or initial salary offers can disproportionately influence performance reviews and negotiations."""
"""Availability Heuristic"",""Decision-Making"",""Overestimating the importance of information that is easily recalled."",""Managers may overvalue recent events during performance reviews, ignoring consistent performance over the entire year."""
"""Groupthink"",""Social"",""The desire for harmony or conformity in a group results in an irrational or dysfunctional decision-making outcome."",""Teams may fail to challenge a flawed plan to avoid conflict, leading to poor project outcomes."""
"""Authority Bias"",""Social"",""The tendency to attribute greater accuracy to the opinion of an authority figure and be more influenced by it."",""Employees may not speak up with innovative ideas or concerns if they contradict the manager's opinion."""
"""Dunning-Kruger Effect"",""Self-Perception"",""A cognitive bias whereby people with low ability at a task overestimate their ability."",""Low-performing employees may not recognize their own development needs, making coaching difficult."""
"""Halo Effect"",""Social"",""The tendency for an impression created in one area to influence opinion in another area."",""A manager may rate an employee highly on all competencies just because they are good at presentations."""
"""Horns Effect"",""Social"",""The tendency for one negative trait to cause an observer to negatively evaluate other, unrelated traits."",""A single mistake by an employee can unfairly color a manager's entire perception of their performance."""
"""In-group Bias"",""Social"",""The tendency to favor one's own group over other groups."",""Leaders may unintentionally favor their own team for promotions or resources, creating inter-departmental friction."""
"""Sunk Cost Fallacy"",""Decision-Making"",""Continuing a behavior or endeavor as a result of previously invested resources (time, money, or effort)."",""Leaders may continue to fund a failing project because of the resources already spent, rather than cutting losses."""
"""Self-Serving Bias"",""Self-Perception"",""The tendency to attribute successes to personal factors and failures to external factors."",""Leaders may take credit for team wins but blame the team for failures, eroding trust."""
"""Fundamental Attribution Error"",""Social"",""The tendency to over-emphasize personality-based explanations for behaviors observed in others while under-emphasizing situational explanations."",""A manager might assume a missed deadline is due to laziness (personality) rather than an unrealistic workload (situation)."""
"""Bandwagon Effect"",""Social"",""The tendency to do or believe things because many other people do or believe the same."",""Teams may adopt a popular but unsuitable technology or process simply because it's trendy."""
"""Status Quo Bias"",""Decision-Making"",""A preference for the current state of affairs."",""Leaders may resist necessary changes or innovations because they are comfortable with the existing way of doing things."""
"""Recency Bias"",""Memory"",""The tendency to weigh recent events more heavily than earlier events."",""A strong performance in the week before a review can overshadow months of average performance."""
"""Peak-End Rule"",""Memory"",""The tendency to judge an experience largely based on how one felt at its peak and at its end."",""A difficult project might be remembered positively if it ends with a successful launch and celebration."""
"""IKEA Effect"",""Motivation"",""The tendency for people to place a disproportionately high value on products they partially created."",""Employees are more committed to initiatives they helped design, highlighting the need for participative change."""
"""Not Invented Here (NIH) Bias"",""Innovation"",""Aversion to using or supporting products, research, or knowledge that originated outside one's own group."",""Teams may resist adopting best practices from other departments, leading to duplicated effort and inefficiency."""
"""Optimism Bias"",""Decision-Making"",""The tendency to be overly optimistic, underestimating the probability of negative events."",""Leaders may create unrealistic project timelines by underestimating potential risks and challenges."""
"""Pessimism Bias"",""Decision-Making"",""The tendency to be overly pessimistic, overestimating the probability of negative events."",""Leaders may be too risk-averse, missing out on valuable opportunities for growth and innovation."""
"""Blind Spot Bias"",""Self-Perception"",""The tendency to see oneself as less biased than other people."",""Leaders may fail to recognize their own flawed decision-making processes, hindering personal growth."""
"""Planning Fallacy"",""Decision-Making"",""The tendency to underestimate the time, costs, and risks of future actions and overestimate the benefits."",""Leads to consistently missed deadlines and budget overruns in project management."""
"""Reactance"",""Motivation"",""The urge to do the opposite of what someone wants you to do out of a need to resist a perceived attempt to constrain your freedom of choice."",""Micromanagement can lead to employees deliberately underperforming or resisting instructions."""
"""Zero-Risk Bias"",""Decision-Making"",""A tendency to prefer the complete elimination of a risk even when alternative options provide a greater reduction in overall risk."",""Organizations may spend excessively to eliminate a small, known risk while ignoring larger, less certain threats."""
"""Social Loafing"",""Social"",""The tendency for individuals to expend less effort when working collectively than when working individually."",""Can lead to decreased productivity in team projects if individual contributions are not visible."""
"""Bystander Effect"",""Social"",""The phenomenon in which the greater the number of people present, the less likely people are to help a person in distress."",""In large meetings, no one may take responsibility for a critical action item, assuming someone else will."""
"""Curse of Knowledge"",""Communication"",""A cognitive bias that occurs when an individual, communicating with other individuals, unknowingly assumes that the others have the background to understand."",""Leaders may use jargon and acronyms, failing to communicate a clear vision to new or junior employees."""
"""Hindsight Bias"",""Memory"",""The tendency to see past events as being more predictable than they were at the time."",""After a project fails, stakeholders may unfairly blame the project manager, saying 'we should have known'."""
"""Outcome Bias"",""Decision-Making"",""The tendency to judge a decision by its eventual outcome instead of based on the quality of the decision at the time it was made."",""A risky, poorly-thought-out decision that happens to succeed may be praised, reinforcing bad process."""
"""Survivorship Bias"",""Decision-Making"",""The logical error of concentrating on the people or things that 'survived' some process and inadvertently overlooking those that did not."",""Studying only successful companies to learn 'best practices' ignores the lessons from the many companies that failed using the same practices."""
"""Stereotyping"",""Social"",""Attributing a certain thought/cognition to a group of people."",""Can lead to unfair hiring and promotion decisions, and limits diversity of thought."""
"""Automation Bias"",""Decision-Making"",""The tendency to depend excessively on automated systems."",""Leaders may trust a flawed data report or AI recommendation without applying their own critical thinking."""
"""Choice Overload"",""Decision-Making"",""The phenomenon where people have a difficult time making a decision when faced with many options."",""Providing employees with too many development courses can lead to them choosing none at all."""
"""Default Effect"",""Decision-Making"",""The tendency to stick with the 'default' option."",""Making 'enrolled' the default for a new training program will dramatically increase participation."""
"""Endowment Effect"",""Decision-Making"",""The tendency for people to ascribe more value to things merely because they own them."",""Leaders may overvalue their own team's projects or ideas compared to those from other teams."""
"""False Consensus Effect"",""Social"",""The tendency to overestimate the extent to which others share our beliefs and behaviors."",""A manager might assume their entire team is excited about a new project, failing to uncover hidden concerns."""
"""Functional Fixedness"",""Problem-Solving"",""A cognitive bias that limits a person to using an object only in the way it is traditionally used."",""Hinders creative problem-solving and innovation by preventing people from seeing novel uses for existing resources."""
"""Gambler's Fallacy"",""Decision-Making"",""The mistaken belief that if a particular event occurs more frequently than normal during the past, it is less likely to happen in the future."",""A manager might stop a successful sales strategy, wrongly assuming its 'hot streak' must end."""
"""Hot-Hand Fallacy"",""Decision-Making"",""The belief that a person who has experienced success has a greater chance of further success in additional attempts."",""Over-relying on a 'star employee' for all critical tasks can lead to burnout and team imbalance."""
"""Hyperbolic Discounting (Present Bias)"",""Motivation"",""The tendency for people to increasingly choose a smaller-sooner reward over a larger-later reward."",""Employees may prioritize easy, low-impact daily tasks over important, long-term strategic projects."""
"""Identifiable Victim Effect"",""Decision-Making"",""The tendency to offer greater aid when a specific, identifiable person is observed under hardship than when a large, vaguely defined group is."",""It's easier to get budget approval to help one struggling team than for a broad 'employee wellness' initiative."""
"""Illusion of Control"",""Self-Perception"",""The tendency for people to overestimate their ability to control events."",""Leaders may fail to create contingency plans because they believe they can control all project variables."""
"""Illusion of Transparency"",""Communication"",""The tendency for people to overestimate the degree to which their personal mental state is known by others."",""A manager may think their instructions are perfectly clear, while the team is actually confused."""
"""Illusory Superiority (Better-than-average effect)"",""Self-Perception"",""The tendency to overestimate one's desirable qualities and abilities and underestimate one's undesirable qualities, relative to other people."",""Most people in a team will rate their own performance as 'above average', complicating peer reviews."""
"""Impact Bias"",""Decision-Making"",""The tendency to overestimate the intensity and duration of one's future emotional states."",""Leaders may avoid giving constructive feedback, overestimating how badly the employee will react."""
"""Information Bias"",""Decision-Making"",""The tendency to seek information even when it cannot affect action."",""Teams may spend too much time on research ('analysis paralysis') instead of making a decision and moving forward."""
"""Law of the Instrument (Maslow's Hammer)"",""Problem-Solving"",""An over-reliance on a familiar tool."",""A manager who is good at data analysis may try to solve all problems with spreadsheets, even interpersonal ones."""
"""Less-is-better Effect"",""Decision-Making"",""A cognitive bias where a smaller or less valuable option is preferred when evaluated separately, but not when evaluated together."",""A simple, focused training program may be perceived as more valuable than a complex, multi-part one."""
"""Loss Aversion"",""Decision-Making"",""The tendency to prefer avoiding losses to acquiring equivalent gains."",""Leaders are often more motivated to avoid a small budget cut than to pursue a larger potential gain."""
"""Negativity Bias"",""Perception"",""The psychological phenomenon by which humans have a greater recall of unpleasant memories compared with positive memories."",""A manager is more likely to remember the one time an employee missed a deadline than the ten times they were early."""
"""Omission Bias"",""Decision-Making"",""The tendency to judge harmful actions as worse, or less moral, than equally harmful omissions (inactions)."",""Failing to stop a bad project (omission) is often seen as less of a failure than starting a bad one (action)."""
"""Ostrich Effect"",""Decision-Making"",""The tendency to ignore an obvious negative situation."",""Leaders may avoid looking at poor engagement survey results or declining sales figures."""
"""Pro-innovation Bias"",""Innovation"",""The tendency to have an excessive optimism towards an invention or innovation's usefulness and to underestimate its limitations."",""Can lead to a rush to adopt new, unproven technologies without proper due diligence."""
"""Pseudocertainty Effect"",""Decision-Making"",""The tendency to make risk-averse choices if the expected outcome is positive, but make risk-seeking choices to avoid negative outcomes."",""Drives inconsistent risk management and strategic planning."""
"""Rhyme-as-reason Effect"",""Communication"",""The tendency to perceive rhyming statements as more truthful."",""Catchy, rhyming mission statements can be persuasive, even if they lack substance."""
"""Risk Compensation / Peltzman Effect"",""Decision-Making"",""The tendency to take greater risks when perceived safety increases."",""Teams with a perfect safety record may become complacent and start taking shortcuts."""
"""Selective Perception"",""Perception"",""The tendency to not notice and more quickly forget stimuli that cause emotional discomfort and contradict our prior beliefs."",""A manager may simply not 'hear' negative feedback about their own leadership style."""
"""Social Desirability Bias"",""Social"",""The tendency to answer questions in a manner that will be viewed favorably by others."",""Employees may not be honest in engagement surveys, leading to inaccurate data."""
"""Spotlight Effect"",""Self-Perception"",""The tendency to overestimate how much other people notice your appearance or behavior."",""An employee may be afraid to ask a question in a meeting, overestimating how much others will judge them for it."""
"""Texas Sharpshooter Fallacy"",""Decision-Making"",""The fallacy of fitting a hypothesis to a dataset after the fact."",""Presenting data in a way that makes a past decision look brilliant, even if it was pure luck."""
"""Third-person Effect"",""Communication"",""The hypothesis that people tend to perceive that mass media messages have a greater effect on others than on themselves."",""A leader might think a negative news article about the company won't affect their team's morale."""
"""Time-saving Bias"",""Decision-Making"",""The tendency to misestimate the time that could be saved (or lost) when increasing or decreasing speed."",""Leads to poor project planning and time allocation."""
"""Unit Bias"",""Decision-Making"",""The tendency to want to finish a given unit of a task or item."",""Employees may feel obligated to finish a long, unproductive meeting rather than ending it early."""
"""Well-traveled Road Effect"",""Perception"",""The tendency to overestimate the time it takes to travel a new route and underestimate the time it takes to travel a familiar one."",""Leaders may underestimate the time needed for innovative projects (new routes) versus routine tasks (familiar routes)."""
"""Zeigarnik Effect"",""Memory"",""The psychological tendency to remember uncompleted or interrupted tasks better than completed tasks."",""Can be leveraged to keep important projects top-of-mind by strategically leaving them 'open'."""
"""Action Bias"",""Decision-Making"",""The tendency to favor action over inaction, often in response to ambiguity."",""A manager may feel compelled to 'do something' in a crisis, even if the best course of action is to wait and gather more information."""
"""Ambiguity Effect"",""Decision-Making"",""The tendency to avoid options for which missing information makes the probability seem 'unknown'."",""Teams may stick with a known, low-reward strategy rather than pursuing an unknown, potentially high-reward one."""
"""Availability Cascade"",""Social"",""A self-reinforcing process in which a collective belief gains more and more plausibility through its increasing repetition in public discourse."",""A minor issue can be blown out of proportion if it's repeatedly discussed in company-wide meetings."""
"""Backfire Effect"",""Belief"",""The reaction to disconfirming evidence by strengthening one's previous beliefs."",""Presenting a resistant employee with data may paradoxically make them more entrenched in their original position."""
"""Clustering Illusion"",""Decision-Making"",""The tendency to erroneously consider the inevitable 'streaks' or 'clusters' arising in small samples from random distributions to be non-random."",""A manager might see a few successful sales in one region as a significant trend and misallocate resources."""
"""Cognitive Dissonance"",""Belief"",""The mental discomfort experienced by a person who holds two or more contradictory beliefs, ideas, or values."",""A leader who publicly supports diversity but consistently hires from their own network will experience this."""
"""Conservatism Bias"",""Decision-Making"",""The tendency to insufficiently revise one's belief in light of new evidence."",""Leaders may be slow to react to major market shifts, clinging to outdated business models."""
"""Declinism"",""Belief"",""The belief that a society or institution is tending towards decline. Predisposes people to be pessimistic about the future."",""A culture of declinism can stifle innovation and proactive change."""
"""Distinction Bias"",""Decision-Making"",""The tendency to view two options as more dissimilar when evaluating them simultaneously than when evaluating them separately."",""Can complicate vendor selection or hiring decisions by magnifying minor differences between good options."""
"""Empathy Gap"",""Social"",""The tendency to underestimate the influence or strength of feelings, in either oneself or others."",""A manager may not realize the level of stress their team is under during a high-pressure period."""
"""Extrinsic Incentives Bias"",""Motivation"",""The tendency to attribute others' motivations more to extrinsic incentives (like pay) than to intrinsic incentives (like personal satisfaction)."",""Leaders may wrongly assume a pay raise will fix a motivation problem that is actually about a lack of purpose."""
"""Forer Effect (Barnum Effect)"",""Belief"",""The observation that individuals will give high accuracy ratings to descriptions of their personality that are supposedly tailored specifically for them, but are in fact vague and general enough to apply to a wide range of people."",""Can make generic leadership advice or personality tests seem more insightful than they really are."""
"""Framing Effect"",""Decision-Making"",""Drawing different conclusions from the same information, depending on how that information is presented."",""Presenting a project's chance of success as '80% success rate' is more motivating than '20% failure rate'."""
"""Frequency Illusion (Baader-Meinhof Phenomenon)"",""Perception"",""The illusion in which a word, a name, or a thing that has recently come to one's attention suddenly seems to appear with improbable frequency."",""Can make a leader think a particular problem is more widespread than it actually is."""
"""Hard-easy Effect"",""Self-Perception"",""The tendency to overestimate one's ability to perform difficult tasks, and underestimate one's ability on easy tasks."",""Leads to poor delegation and time management."""
"""Hostile Media Effect"",""Social"",""The tendency for partisans to view neutral media coverage as biased against their own side."",""Different departments may view the same internal company communication as favoring the other department."""
"""Illusion of Validity"",""Decision-Making"",""The tendency to be overconfident in the accuracy of one's judgments, especially when the data is consistent."",""A history of successful hires from one university may lead to overconfidence in that hiring channel, ignoring other talent pools."""
"""Information Overload"",""Decision-Making"",""The difficulty a person can have understanding an issue and making decisions when one has too much information."",""Overly detailed reports or dashboards can paralyze decision-making."""
"""Just-world Hypothesis"",""Belief"",""The cognitive bias that a person's actions are inherently inclined to bring morally fair and fitting consequences to that person."",""Can lead to blaming victims of layoffs or project failures, assuming they 'deserved it'."""
"""Lake Wobegon Effect"",""Social"",""A natural human tendency to overestimate one's capabilities."",""Used in a social context to explain why a majority of people in a group will describe themselves as 'above average'."""
"""Mental Accounting"",""Decision-Making"",""The tendency for people to separate their money into separate accounts based on a variety of subjective criteria."",""A manager might be willing to spend freely from their 'training' budget but be very frugal with their 'equipment' budget, even if the money comes from the same source."""
"""Mere-exposure Effect"",""Social"",""The tendency to develop a preference for things merely because they are familiar with them."",""Can lead to teams sticking with familiar but inefficient processes or software."""
"""Moral Credential Effect"",""Belief"",""The tendency of a track record of non-prejudiced behavior to increase subsequent prejudiced behavior."",""A leader who has a good track record on diversity might feel they have 'earned the right' to make a questionable hiring choice."""
"""Normalcy Bias"",""Decision-Making"",""The refusal to plan for, or react to, a disaster which has never happened before."",""Prevents effective crisis management and contingency planning."""
"""Parkinson's Law of Triviality"",""Social"",""The tendency to give disproportionate weight to trivial issues."",""Teams may spend hours debating the color of a button on a website and only minutes on the underlying business strategy."""
"""Proportionality Bias"",""Decision-Making"",""The tendency to assume that big events have big causes."",""A major drop in sales might be attributed to a single grand cause, ignoring the cumulative effect of many small issues."""
"""Salience Bias"",""Decision-Making"",""The tendency to focus on items or information that are more prominent or emotionally striking and ignore those that are unremarkable."",""A single, dramatic project failure may get more attention than a dozen quiet, consistent successes."""
"""Scope Neglect"",""Decision-Making"",""The tendency to be insensitive to the size of a problem when evaluating it."",""The willingness to pay to solve a problem often doesn't scale with the size of the problem."""
"""System Justification"",""Social"",""The tendency to defend and bolster the status quo."",""Employees may resist changes to company culture, even if the changes are positive."""
"""Trait Ascription Bias"",""Social"",""The tendency for people to view themselves as relatively variable in terms of personality, behavior, and mood while viewing others as much more predictable."",""A manager might be surprised when a quiet employee gives a great presentation, having unfairly labeled them as 'not a leader'."""